{
  "engine": "brinicle",
  "dataset": "WANDS",
  "task": "product_retrieval",
  "prefix": "datasets/WANDS/preprocessed/wands_title",
  "retrieval_mode": "hybrid",
  "docs": 42994,
  "queries": 450,
  "tune_queries": 0,
  "eval_queries": 450,
  "excluded_tune_queries_from_eval": false,
  "qrels_queries": 450,
  "qrels_mode": "exact",
  "fields": [
    "title"
  ],
  "top_k": 100,
  "ks": [
    1,
    5,
    10,
    20,
    50,
    100
  ],
  "trials": 10,
  "search_mode": "batch",
  "search_batch_size": 32,
  "search_batch_jobs": 16,
  "tuning": {
    "enabled": false
  },
  "params": {
    "retrieval_mode": "hybrid",
    "vector_dim": 128,
    "M": 8,
    "ef_construction": 512,
    "ef_search": 1024,
    "brinicle_alpha": 0.95,
    "brinicle_lexical_dim": 70,
    "brinicle_batch_size": 2048,
    "typesense_alpha": null,
    "typesense_batch_size": null,
    "typesense_vector_k": null,
    "meilisearch_alpha": null,
    "meilisearch_batch_size": null,
    "weaviate_alpha": null,
    "weaviate_batch_size": null,
    "opensearch_alpha": null,
    "opensearch_batch_size": null,
    "tune_alpha": false,
    "tune_query_count": null,
    "tune_metric": null
  },
  "results": {
    "nDCG@1": 0.6123595505617978,
    "Recall@1": 0.12377963859447405,
    "Hit@1": 0.4844444444444445,
    "MRR@1": 0.4844444444444445,
    "nDCG@5": 0.590986274219491,
    "Recall@5": 0.2074038469315628,
    "Hit@5": 0.5911111111111111,
    "MRR@5": 0.5248888888888887,
    "nDCG@10": 0.5851389878357283,
    "Recall@10": 0.2637306795167182,
    "Hit@10": 0.6355555555555555,
    "MRR@10": 0.5307848324514992,
    "nDCG@20": 0.582700812900712,
    "Recall@20": 0.354514606297203,
    "Hit@20": 0.691111111111111,
    "MRR@20": 0.5344939046925631,
    "nDCG@50": 0.5804078728552521,
    "Recall@50": 0.49488688168104106,
    "Hit@50": 0.7222222222222222,
    "MRR@50": 0.5354038493712693,
    "nDCG@100": 0.5936549149289772,
    "Recall@100": 0.6121798361852001,
    "Hit@100": 0.7444444444444445,
    "MRR@100": 0.5357451055560511,
    "search_avg_latency": 0.00042744948264993986,
    "search_p50_latency": 0.0004277673874867105,
    "search_p95_latency": 0.0005155311124781292,
    "search_p99_latency": 0.0005155311124781292,
    "qps": 2357.63853455338,
    "search_total_query_time": 0.19235226719247295,
    "raw_peak_mb": 129.312109375,
    "working_set_peak_mb": 128.401953125,
    "anon_peak_mb": 79.764453125,
    "file_peak_mb": 41.29296875,
    "active_file_peak_mb": 40.38671875,
    "inactive_file_peak_mb": 0.91015625,
    "kernel_peak_mb": 4.80546875,
    "slab_peak_mb": 3.495317840576172,
    "build_latency": 11.437178578002204,
    "build_memory_profile": {
      "raw_peak_mb": 160.234375,
      "working_set_peak_mb": 126.8515625,
      "anon_peak_mb": 82.08984375,
      "file_peak_mb": 76.68359375,
      "active_file_peak_mb": 43.3046875,
      "inactive_file_peak_mb": 33.38671875,
      "kernel_peak_mb": 5.45703125,
      "slab_peak_mb": 4.419837951660156
    }
  },
  "trial_results": [
    {
      "nDCG@1": 0.6123595505617978,
      "Recall@1": 0.12377963859447405,
      "Hit@1": 0.48444444444444446,
      "MRR@1": 0.48444444444444446,
      "nDCG@5": 0.5909862742194911,
      "Recall@5": 0.2074038469315628,
      "Hit@5": 0.5911111111111111,
      "MRR@5": 0.5248888888888888,
      "nDCG@10": 0.5851389878357282,
      "Recall@10": 0.2637306795167182,
      "Hit@10": 0.6355555555555555,
      "MRR@10": 0.5307848324514991,
      "nDCG@20": 0.582700812900712,
      "Recall@20": 0.35451460629720294,
      "Hit@20": 0.6911111111111111,
      "MRR@20": 0.5344939046925631,
      "nDCG@50": 0.5804078728552521,
      "Recall@50": 0.494886881681041,
      "Hit@50": 0.7222222222222222,
      "MRR@50": 0.5354038493712694,
      "nDCG@100": 0.5936549149289773,
      "Recall@100": 0.6121798361852,
      "Hit@100": 0.7444444444444445,
      "MRR@100": 0.535745105556051,
      "search_avg_latency": 0.00042896402884960277,
      "search_p50_latency": 0.0004156339373366791,
      "search_p95_latency": 0.0005470377811889193,
      "search_p99_latency": 0.0005470377811889193,
      "qps": 2331.1977992229404,
      "search_total_query_time": 0.19303381298232125,
      "raw_peak_mb": 129.65234375,
      "working_set_peak_mb": 128.7421875,
      "anon_peak_mb": 79.62890625,
      "file_peak_mb": 41.29296875,
      "active_file_peak_mb": 40.38671875,
      "inactive_file_peak_mb": 0.91015625,
      "kernel_peak_mb": 4.80859375,
      "slab_peak_mb": 3.4891128540039062
    },
    {
      "nDCG@1": 0.6123595505617978,
      "Recall@1": 0.12377963859447405,
      "Hit@1": 0.48444444444444446,
      "MRR@1": 0.48444444444444446,
      "nDCG@5": 0.5909862742194911,
      "Recall@5": 0.2074038469315628,
      "Hit@5": 0.5911111111111111,
      "MRR@5": 0.5248888888888888,
      "nDCG@10": 0.5851389878357282,
      "Recall@10": 0.2637306795167182,
      "Hit@10": 0.6355555555555555,
      "MRR@10": 0.5307848324514991,
      "nDCG@20": 0.582700812900712,
      "Recall@20": 0.35451460629720294,
      "Hit@20": 0.6911111111111111,
      "MRR@20": 0.5344939046925631,
      "nDCG@50": 0.5804078728552521,
      "Recall@50": 0.494886881681041,
      "Hit@50": 0.7222222222222222,
      "MRR@50": 0.5354038493712694,
      "nDCG@100": 0.5936549149289773,
      "Recall@100": 0.6121798361852,
      "Hit@100": 0.7444444444444445,
      "MRR@100": 0.535745105556051,
      "search_avg_latency": 0.0005043518421654072,
      "search_p50_latency": 0.0005185925936075364,
      "search_p95_latency": 0.0006996953750331159,
      "search_p99_latency": 0.0006996953750331159,
      "qps": 1982.7428322786616,
      "search_total_query_time": 0.22695832897443324,
      "raw_peak_mb": 129.57421875,
      "working_set_peak_mb": 128.6640625,
      "anon_peak_mb": 79.71875,
      "file_peak_mb": 41.29296875,
      "active_file_peak_mb": 40.38671875,
      "inactive_file_peak_mb": 0.91015625,
      "kernel_peak_mb": 4.80859375,
      "slab_peak_mb": 3.4958648681640625
    },
    {
      "nDCG@1": 0.6123595505617978,
      "Recall@1": 0.12377963859447405,
      "Hit@1": 0.48444444444444446,
      "MRR@1": 0.48444444444444446,
      "nDCG@5": 0.5909862742194911,
      "Recall@5": 0.2074038469315628,
      "Hit@5": 0.5911111111111111,
      "MRR@5": 0.5248888888888888,
      "nDCG@10": 0.5851389878357282,
      "Recall@10": 0.2637306795167182,
      "Hit@10": 0.6355555555555555,
      "MRR@10": 0.5307848324514991,
      "nDCG@20": 0.582700812900712,
      "Recall@20": 0.35451460629720294,
      "Hit@20": 0.6911111111111111,
      "MRR@20": 0.5344939046925631,
      "nDCG@50": 0.5804078728552521,
      "Recall@50": 0.494886881681041,
      "Hit@50": 0.7222222222222222,
      "MRR@50": 0.5354038493712694,
      "nDCG@100": 0.5936549149289773,
      "Recall@100": 0.6121798361852,
      "Hit@100": 0.7444444444444445,
      "MRR@100": 0.535745105556051,
      "search_avg_latency": 0.0004962119244252487,
      "search_p50_latency": 0.0005105562499920779,
      "search_p95_latency": 0.000641497718561368,
      "search_p99_latency": 0.000641497718561368,
      "qps": 2015.2679747837135,
      "search_total_query_time": 0.2232953659913619,
      "raw_peak_mb": 129.54296875,
      "working_set_peak_mb": 128.6328125,
      "anon_peak_mb": 79.71875,
      "file_peak_mb": 41.29296875,
      "active_file_peak_mb": 40.38671875,
      "inactive_file_peak_mb": 0.91015625,
      "kernel_peak_mb": 4.8046875,
      "slab_peak_mb": 3.4958648681640625
    },
    {
      "nDCG@1": 0.6123595505617978,
      "Recall@1": 0.12377963859447405,
      "Hit@1": 0.48444444444444446,
      "MRR@1": 0.48444444444444446,
      "nDCG@5": 0.5909862742194911,
      "Recall@5": 0.2074038469315628,
      "Hit@5": 0.5911111111111111,
      "MRR@5": 0.5248888888888888,
      "nDCG@10": 0.5851389878357282,
      "Recall@10": 0.2637306795167182,
      "Hit@10": 0.6355555555555555,
      "MRR@10": 0.5307848324514991,
      "nDCG@20": 0.582700812900712,